Channel;id
Hulu;tt2312036
Hulu;tt2879552
Hulu;tt4789576
Hulu;tt5620076
Hulu;tt5520392
Hulu;tt5761478
Hulu;tt5798078
Hulu;tt5834204
Hulu;tt2188577
Hulu;tt2883562
Hulu;tt2818496
Hulu;tt3107224
Hulu;tt3147316
Hulu;tt2269658
Hulu;tt3453512
Hulu;tt4633166
Hulu;tt4550280
Hulu;tt4577466
Hulu;tt4676574
Hulu;tt5788812
Hulu;tt5875646
Netflix;tt1856010
Netflix;tt2309295
Netflix;tt2189461
Netflix;tt3520702
Netflix;tt2431438
Netflix;tt2707408
Netflix;tt4574334
Netflix;tt4592410
Netflix;tt4786824
Netflix;tt4635282
Netflix;tt4834206
Netflix;tt1837492
Netflix;tt3322312
Netflix;tt2357547
Netflix;tt3322314
Netflix;tt3322310
Netflix;tt4230076
Netflix;tt3339966
Netflix;tt3609352
Netflix;tt4635276
Netflix;tt4574708
Netflix;tt4061080
Netflix;tt3986586
Netflix;tt4973548
Netflix;tt5228026
Netflix;tt4998212
Netflix;tt4789300
Netflix;tt5562056
Netflix;tt5467814
Netflix;tt5339440
Netflix;tt5580540
Netflix;tt6782014
Netflix;tt5706996
Netflix;tt5707802
Netflix;tt5770786
Netflix;tt0243655
Netflix;tt5937754
Netflix;tt5435008
Netflix;tt3398228
Netflix;tt4326894
Netflix;tt4160920
Netflix;tt4861760
Netflix;tt5779222
Netflix;tt6928052
Netflix;tt4680240
Netflix;tt4003966
Netflix;tt5301958
Netflix;tt6150576
Netflix;tt4922804
Netflix;tt6304676
Netflix;tt6495756
Netflix;tt5674718
Netflix;tt6125832
Netflix;tt1958961
Netflix;tt4132692
Netflix;tt6588218
Netflix;tt4790548
Netflix;tt5320160
Netflix;tt5023972
Netflix;tt5520732
Netflix;tt4716268
Netflix;tt6015820
Netflix;tt6312916
Netflix;tt4790546
Netflix;tt5839454
Netflix;tt4047038
Netflix;tt6038584
Netflix;tt4686698
Netflix;tt5421602
Netflix;tt6692188
HBO;tt0944947
HBO;tt0475784
HBO;tt0264235
HBO;tt0434672
HBO;tt1759761
HBO;tt2575988
HBO;tt2891574
HBO;tt3766376
HBO;tt6078096
HBO;tt4304864
HBO;tt5024912
HBO;tt5295524
HBO;tt2356777
HBO;tt4953128
HBO;tt1553644
HBO;tt0415306
HBO;tt0389571
HBO;tt0356302
HBO;tt1596589
HBO;tt1043815
HBO;tt1255913
HBO;tt0866442
HBO;tt1509004
HBO;tt0387199
HBO;tt0445114
HBO;tt2340036
HBO;tt0863046
HBO;tt2342652
HBO;tt1723816
HBO;tt2378794
HBO;tt1299365
HBO;tt1229413
HBO;tt3173854
HBO;tt3431720
HBO;tt1641247
HBO;tt2581458
HBO;tt0460619
HBO;tt0934320
HBO;tt2165141
HBO;tt3216586
HBO;tt0275520
HBO;tt1356380
HBO;tt1666727
HBO;tt3061830
HBO;tt0413616
HBO;tt0421030
HBO;tt0979432
HBO;tt0319969
HBO;tt0835434
HBO;tt0814164
HBO;tt0364822
HBO;tt1578887
HBO;tt0384766
HBO;tt0248654
HBO;tt0809497
HBO;tt2699128
HBO;tt1870479
HBO;tt0306414
HBO;tt1279972
HBO;tt0844441
HBO;tt3186130
HBO;tt3920596
HBO;tt3655448
HBO;tt2401256
HBO;tt2492296
HBO;tt2554946
HBO;tt3012698
HBO;tt1956017
HBO;tt1492030
HBO;tt0374463
HBO;tt0995832
HBO;tt0936453
HBO;tt0472027
HBO;tt0840094
HBO;tt0376591
HBO;tt6865750
HBO;tt0318997
HBO;tt0185906
HBO;tt0224853
AMC;tt1520211
AMC;tt2543328
AMC;tt2543312
AMC;tt3032476
AMC;tt3743822
AMC;tt3865236
AMC;tt5016504
AMC;tt3839822
AMC;tt0482857
AMC;tt1043714
AMC;tt1399664
AMC;tt0804503
AMC;tt1389371
AMC;tt1699748
AMC;tt2314792
AMC;tt5363766
AMC;tt1637727
AMC;tt0903747
Fox;tt1561755
Fox;tt3749900
Fox;tt3228904
Fox;tt5368542
Fox;tt5164196
Fox;tt4941240
Fox;tt1826940
Fox;tt2467372
Fox;tt3230454
Fox;tt5638056
Fox;tt0397306
Fox;tt2497834
Fox;tt4937942
Fox;tt1195935
Fox;tt3038384
Fox;tt3012976
Fox;tt3042900
Fox;tt0374900
Fox;tt1232266
Fox;tt1743880
Fox;tt4798814
Fox;tt0285331
Fox;tt5345490
Fox;tt1728102
Fox;tt2654580
Fox;tt5542294
Fox;tt0284085
Fox;tt2099034
Fox;tt0247081
Fox;tt1895315
Fox;tt0956036
Fox;tt1620950
Fox;tt0204993
Fox;tt1135300
Fox;tt0770521
Fox;tt0320000
Fox;tt1943524
Fox;tt0303461
Fox;tt2071645
Fox;tt0247095
Fox;tt1119644
Fox;tt0316984
Fox;tt1327801
Fox;tt1567254
Fox;tt3435532
Fox;tt0460645
Fox;tt0412142
Fox;tt4539954
Fox;tt0412148
Fox;tt0320038
Fox;tt0412158
Fox;tt0398498
Fox;tt0759482
Fox;tt0952665
Fox;tt0318390
Fox;tt0460643
Fox;tt1235099
Fox;tt0243069
Fox;tt1591490
Fox;tt1655416
Fox;tt4450826
Fox;tt2215717
Fox;tt0928414
Fox;tt0409594
Fox;tt0247120
Fox;tt0362359
Fox;tt0202513
Fox;tt0280287
Fox;tt1396401
Fox;tt0435576
Fox;tt0455275
Fox;tt5500158
Fox;tt1587000
Fox;tt3576794
Fox;tt0460672
Fox;tt4465472
Fox;tt4145384
Fox;tt4378456
Fox;tt5093452
Fox;tt0364008
Fox;tt2647544
Fox;tt0756582
Fox;tt0247135
Fox;tt0851851
Fox;tt1641349
Fox;tt1821681
Fox;tt0364817
Fox;tt0499591
Fox;tt2618986
Fox;tt0361256
Fox;tt0307716
Fox;tt0367279
Fox;tt0950721
Fox;tt2177491
Fox;tt0285341
Fox;tt1630574
Fox;tt1441106
Fox;tt4452688
Fox;tt0367313
Fox;tt2647548
Fox;tt1231448
Fox;tt2741950
Fox;tt0460641
Fox;tt2244871
Fox;tt4465368
Fox;tt0280257
Fox;tt4481322
Fox;tt0255734
Fox;tt0496312
Fox;tt1819545
Fox;tt0460654
Fox;tt0412221
Fox;tt0460655
Fox;tt0367363
Fox;tt5515410
Fox;tt0212671
Fox;tt0406438
Fox;tt2211129
Fox;tt0366055
Fox;tt2753110
Fox;tt0247090
Fox;tt0322660
Fox;tt0338647
Fox;tt0407441
Fox;tt1615919
Fox;tt0838205
Fox;tt1615926
Fox;tt1361839
Fox;tt0448303
Fox;tt2395482
Fox;tt0305472
Fox;tt5540054
Fox;tt0759475
Fox;tt0205700
Fox;tt1809194
Fox;tt0273028
Fox;tt0915414
Fox;tt0353113
Fox;tt0460692
Fox;tt3549436
Fox;tt4928092
Fox;tt0494210
Showtime;tt4270458
Showtime;tt3095080
Showtime;tt2628232
Showtime;tt2137109
Showtime;tt1797404
Showtime;tt1930123
Showtime;tt1582457
Showtime;tt1586619
Showtime;tt1515193
Showtime;tt1190689
Showtime;tt1001482
Showtime;tt1000734
Showtime;tt0904208
Showtime;tt0865546
Showtime;tt0758790
Showtime;tt0773262
Showtime;tt0457229
Showtime;tt0465353
Showtime;tt0448190
Showtime;tt0460622
Showtime;tt0439100
Showtime;tt0426686
Showtime;tt0409570
Showtime;tt0330251
Showtime;tt0348913
Showtime;tt0329476
Showtime;tt0296875
Showtime;tt0318236
Showtime;tt0258620
Showtime;tt0268789
Showtime;tt0262985
Showtime;tt0248655
Showtime;tt0249313
ABC;tt0413573
ABC;tt1843230
ABC;tt1837576
ABC;tt2364582
ABC;tt3205802
ABC;tt4428122
ABC;tt5296406
ABC;tt5165412
ABC;tt1442464
ABC;tt3487356
ABC;tt3551096
ABC;tt5592146
ABC;tt5396394
ABC;tt0285333
ABC;tt1829891
ABC;tt2172103
ABC;tt3475734
ABC;tt1836195
ABC;tt1143289
ABC;tt0410975
ABC;tt0892535
ABC;tt1727387
ABC;tt0925266
ABC;tt0805669
ABC;tt0365969
ABC;tt2197797
ABC;tt3488298
ABC;tt0848539
ABC;tt2968404
ABC;tt0424609
ABC;tt4428022
ABC;tt1587669
ABC;tt0402711
ABC;tt0758737
ABC;tt0938567
ABC;tt1219024
ABC;tt1760943
ABC;tt0429455
ABC;tt5396572
ABC;tt0801425
ABC;tt1578258
ABC;tt0960136
ABC;tt1402376
ABC;tt0419323
ABC;tt1441135
ABC;tt3487382
ABC;tt0247101
ABC;tt0364823
ABC;tt0324864
ABC;tt0319987
ABC;tt0411004
ABC;tt0787490
ABC;tt0361200
ABC;tt2712966
ABC;tt0320069
ABC;tt0805664
ABC;tt2751064
ABC;tt0320075
ABC;tt1828246
ABC;tt2295809
ABC;tt2443340
ABC;tt1662979
ABC;tt2281375
ABC;tt5519574
ABC;tt0756573
ABC;tt4387170
ABC;tt1587694
ABC;tt2802008
ABC;tt1826805
ABC;tt0285395
ABC;tt0972412
ABC;tt0315701
ABC;tt2215399
ABC;tt1837642
ABC;tt1442065
ABC;tt1595860
ABC;tt3516878
ABC;tt0801427
ABC;tt0320981
ABC;tt4396862
ABC;tt0291600
ABC;tt0413559
ABC;tt1441219
ABC;tt0460638
ABC;tt4428038
ABC;tt1420425
ABC;tt1599357
ABC;tt0801426
ABC;tt1240976
ABC;tt1610515
ABC;tt0364888
ABC;tt0805668
ABC;tt0460693
ABC;tt4428124
ABC;tt0955353
ABC;tt0209557
ABC;tt2215797
ABC;tt1319690
ABC;tt0460651
ABC;tt0411008
ABC;tt0772139
ABC;tt0460665
ABC;tt1591493
ABC;tt2647586
ABC;tt3487410
ABC;tt5031234
ABC;tt1307824
ABC;tt0324431
ABC;tt3530726
ABC;tt0246430
ABC;tt4035574
ABC;tt5292622
ABC;tt1183569
ABC;tt5711138
ABC;tt0312081
ABC;tt0285351
ABC;tt2655470
ABC;tt1235547
ABC;tt1598876
ABC;tt0805660
ABC;tt0928410
ABC;tt0981216
ABC;tt0411024
ABC;tt1441109
ABC;tt3729144
ABC;tt0460634
ABC;tt1819509
ABC;tt3879306
ABC;tt3216608
ABC;tt0460636
ABC;tt2245283
ABC;tt0460640
ABC;tt3305096
ABC;tt0310460
ABC;tt1441142
ABC;tt1587678
ABC;tt0802146
ABC;tt0366025
ABC;tt0460648
ABC;tt2226397
ABC;tt0366027
ABC;tt0491296
ABC;tt1374983
ABC;tt0366034
ABC;tt0415456
ABC;tt1828327
ABC;tt0320052
ABC;tt0320053
ABC;tt0247110
ABC;tt2215291
ABC;tt3514886
ABC;tt1828238
ABC;tt0365983
ABC;tt0876235
ABC;tt2727600
ABC;tt1583638
ABC;tt0273855
ABC;tt0801428
ABC;tt0318622
ABC;tt0411022
ABC;tt1392247
ABC;tt0898332
ABC;tt3549044
ABC;tt0460676
ABC;tt1741256
ABC;tt2298477
ABC;tt1280629
ABC;tt0247098
ABC;tt0272980
ABC;tt0494287
ABC;tt4651824
ABC;tt2182229
ABC;tt4422756
ABC;tt0247122
ABC;tt2400736
ABC;tt4424758
ABC;tt0278255
ABC;tt1826951
NBC;tt2261391
NBC;tt2741602
NBC;tt2805096
NBC;tt2477230
NBC;tt4474344
NBC;tt4655480
NBC;tt4118584
NBC;tt5555260
NBC;tt5511582
NBC;tt5052460
NBC;tt4307902
NBC;tt4477976
NBC;tt4955642
NBC;tt5511512
NBC;tt4955480
NBC;tt1441093
NBC;tt2266639
NBC;tt0496424
NBC;tt0312091
NBC;tt2666270
NBC;tt0775349
NBC;tt2246569
NBC;tt1826989
NBC;tt2769470
NBC;tt1839417
NBC;tt1845887
NBC;tt0421316
NBC;tt1439629
NBC;tt0338592
NBC;tt4478002
NBC;tt0247134
NBC;tt0198099
NBC;tt0285359
NBC;tt0278194
NBC;tt0461721
NBC;tt1839481
NBC;tt1604113
NBC;tt0271288
NBC;tt2300923
NBC;tt0320018
NBC;tt2698984
NBC;tt2281583
NBC;tt0364812
NBC;tt0320030
NBC;tt0315682
NBC;tt0281450
NBC;tt0375355
NBC;tt0948539
NBC;tt0259145
NBC;tt0195896
NBC;tt3460454
NBC;tt2338232
NBC;tt0247113
NBC;tt0362867
NBC;tt2800234
NBC;tt0460091
NBC;tt2087571
NBC;tt0386676
NBC;tt3501016
NBC;tt1593756
NBC;tt1266020
NBC;tt1599374
NBC;tt1595856
NBC;tt5083928
NBC;tt2245117
NBC;tt0285403
NBC;tt2715776
NBC;tt0494188
NBC;tt0364892
NBC;tt4481248
NBC;tt0247141
NBC;tt0780442
NBC;tt2788780
NBC;tt1843323
NBC;tt0306410
NBC;tt2709648
NBC;tt3463606
NBC;tt1850458
NBC;tt0364902
NBC;tt3489108
NBC;tt0361179
NBC;tt4074084
NBC;tt3581654
NBC;tt0319930
NBC;tt3551796
NBC;tt1839683
NBC;tt3768572
NBC;tt2592094
NBC;tt0880557
NBC;tt0805661
NBC;tt5592230
NBC;tt0470642
NBC;tt0319960
NBC;tt2708560
NBC;tt1593823
NBC;tt1582458
NBC;tt5640060
NBC;tt0934814
NBC;tt3489184
NBC;tt0494186
NBC;tt2322158
NBC;tt2400631
NBC;tt0284718
NBC;tt1117552
NBC;tt0247086
NBC;tt2245029
NBC;tt2296682
NBC;tt0460084
NBC;tt0247091
NBC;tt3579018
NBC;tt1582459
NBC;tt1112285
NBC;tt1949012
NBC;tt0758745
NBC;tt4074374
NBC;tt1830617
NBC;tt2243973
NBC;tt1582453
NBC;tt0410987
NBC;tt4481266
NBC;tt0491281
NBC;tt0813715
NBC;tt3556944
NBC;tt0460089
NBC;tt2787278
NBC;tt0948538
NBC;tt0771329
NBC;tt0324865
NBC;tt1137462
NBC;tt1213404
NBC;tt0364828
NBC;tt0275140
NBC;tt1657081
NBC;tt0406429
NBC;tt0411003
NBC;tt0874936
NBC;tt0489606
NBC;tt1181541
NBC;tt1582454
NBC;tt0380124
NBC;tt0411011
NBC;tt0412175
NBC;tt1442435
NBC;tt1199099
NBC;tt0348966
NBC;tt1217239
NBC;tt3187578
NBC;tt0247119
NBC;tt1592226
NBC;tt1416765
NBC;tt1333050
NBC;tt1217208
NBC;tt1797475
NBC;tt4474310
NBC;tt1582456
NBC;tt0932670
NBC;tt0802148
NBC;tt0403795
NBC;tt2070791
NBC;tt1954804
NBC;tt2935974
NBC;tt3476576
NBC;tt1825133
NBC;tt1299368
NBC;tt0485842
NBC;tt0452718
NBC;tt3027506
NBC;tt0243732
NBC;tt1445201
NBC;tt0280344
NBC;tt1568769
NBC;tt0483536
NBC;tt4337894
USA;tt1632701
USA;tt4158110
USA;tt4209256
USA;tt1064899
USA;tt4520992
USA;tt4181172
USA;tt2750182
USA;tt0364845
USA;tt0247082
USA;tt1378167
USA;tt1442437
USA;tt0389564
USA;tt3342592
USA;tt0810788
USA;tt1771072
USA;tt3410350
USA;tt0233491
USA;tt1495708
USA;tt0281432
USA;tt3597606
USA;tt4895394
USA;tt5369352
USA;tt1586676
USA;tt2393813
USA;tt0250157
USA;tt0935095
USA;tt0439375
USA;tt0312172
USA;tt1657505
USA;tt0353867
USA;tt2239947
USA;tt0491738
USA;tt1319735
USA;tt3413236
USA;tt3205236
USA;tt2484950
USA;tt1127107
USA;tt0383153
USA;tt0344487
USA;tt0247108
USA;tt1358522
CBS;tt0247087
FX;tt2149175
FX;tt2654620
FX;tt3647998
FX;tt5114356
FX;tt1492966
FX;tt3468798
FX;tt4288182
FX;tt4370596
FX;tt1844624
FX;tt2802850
FX;tt2788432
FX;tt1984119
FX;tt0286486
FX;tt0361217
FX;tt0381798
FX;tt0446241
FX;tt0454753
FX;tt0496275
FX;tt0496343
FX;tt0914387
FX;tt1124373
FX;tt1489428
FX;tt1493239
FX;tt1379690
FX;tt2406376
FX;tt2568204
FX;tt4218618
FX;tt0235137
FX;tt0312271
FX;tt0462140
FX;tt1262403
FX;tt1986770
FX;tt3496994
FX;tt2786956
FX;tt2994108
FX;tt2980734
FX;tt3594982
FX;tt2122954
FX;tt3221268
Amazon;tt3502248
Amazon;tt3973768
Amazon;tt1740299
Amazon;tt2805574
Amazon;tt5239494
Amazon;tt4687880
Amazon;tt4687892
Amazon;tt5011816
Amazon;tt4878612
Amazon;tt4687882
Amazon;tt3012184
Amazon;tt3012160
Amazon;tt3502172
Amazon;tt3973820
Amazon;tt4947608
Amazon;tt4354616
Amazon;tt5478730
Starz;tt3281796
Starz;tt3006802
Starz;tt1898069
Starz;tt3231022
Starz;tt4189022
Starz;tt3877200
Starz;tt3846642
Starz;tt1178636
Starz;tt1442449
Starz;tt1672189
Starz;tt1833285
Starz;tt1832045
Starz;tt2372220
Starz;tt2094262
Starz;tt2375692
Starz;tt1548669
Starz;tt0904627
Starz;tt1100945
Starz;tt1073507
Starz;tt4197508
Starz;tt1453159
Starz;tt1758429
Starz;tt0485301
Starz;tt2163315
Starz;tt3507484
Starz;tt5705956
CBS;tt0452046
CBS;tt1595859
CBS;tt1600194
CBS;tt2191671
CBS;tt3501074
CBS;tt3560084
CBS;tt3514324
CBS;tt4452630
CBS;tt3250026
CBS;tt5827228
CBS;tt1399045
CBS;tt0898266
CBS;tt2660806
CBS;tt4384086
CBS;tt5462720
CBS;tt5536400
CBS;tt5462364
CBS;tt1612578
CBS;tt1845307
CBS;tt1441096
CBS;tt4424726
CBS;tt0307719
CBS;tt2714046
CBS;tt0247079
CBS;tt0410967
CBS;tt0338588
CBS;tt0484082
CBS;tt0463811
CBS;tt2710104
CBS;tt0285358
CBS;tt2742174
CBS;tt1229401
CBS;tt5485566
CBS;tt0460649
CBS;tt1839497
CBS;tt0411007
CBS;tt0457046
CBS;tt1684910
CBS;tt3434378
CBS;tt1608180
CBS;tt2737290
CBS;tt0340256
CBS;tt0462128
CBS;tt3595776
CBS;tt0460666
CBS;tt2248977
CBS;tt1840429
CBS;tt0790772
CBS;tt4085584
CBS;tt0259144
CBS;tt0320970
CBS;tt0369179
CBS;tt2372182
CBS;tt1197632
CBS;tt0247144
CBS;tt0775558
CBS;tt0285332
CBS;tt5257744
CBS;tt3215364
CBS;tt0277471
CBS;tt4877736
CBS;tt0367298
CBS;tt0955250
CBS;tt0377153
CBS;tt1591468
CBS;tt0284961
CBS;tt0204765
CBS;tt0460631
CBS;tt0410970
CBS;tt0368479
CBS;tt4364202
CBS;tt1703874
CBS;tt3560060
CBS;tt0313043
CBS;tt0395843
CBS;tt4447390
CBS;tt0410978
CBS;tt0285356
CBS;tt1118697
CBS;tt1196947
CBS;tt3155320
CBS;tt0297560
CBS;tt1059475
CBS;tt0247097
CBS;tt0460644
CBS;tt1820742
CBS;tt2229167
CBS;tt1442462
CBS;tt0285370
CBS;tt0320022
CBS;tt1232320
CBS;tt2647258
CBS;tt2693776
CBS;tt0805663
CBS;tt0367345
CBS;tt4422836
CBS;tt2191613
CBS;tt1196946
CBS;tt1406662
CBS;tt0955346
CBS;tt0433309
CBS;tt1825122
CBS;tt1839578
CBS;tt0315047
CBS;tt5500906
CBS;tt0318005
CBS;tt2734804
CBS;tt0315686
CBS;tt0805666
CBS;tt0805667
CBS;tt3560094
CBS;tt4016454
CBS;tt0928173
CBS;tt0247136
CBS;tt1440346
CBS;tt0460686
CBS;tt4946972
CBS;tt1842530
CBS;tt0460690
CBS;tt1553656
CBS;tt2262383
CBS;tt0878801
CBS;tt0321021
CBS;tt0281524
CBS;tt0759097
